{
    "h_ft": [1079.29, 1087.62, 1102.93, 1129.38, 1156.71, 1184.94, 1211.89, 1237.52, 1261.52, 1287.25], 
    "latitude_deg": [38.701132, 38.677485, 38.631536, 38.583167, 38.544729, 38.509457, 38.444650, 38.419507, 38.365802, 38.334846], 
    "log": [], 
    "longitude_deg": [-121.608975, -121.511129, -121.456883, -121.445421, -121.437775, -121.429879, -121.420202, -121.386325, -121.372831, -121.362892], 
    "status": 1, 
    "tsim_s": [0.0, 10.0, 20.0, 30.0, 40.0, 50.0, 60.0, 70.0, 80.0, 90.0], 
    "xe_ft": [0.01, 3.09, 19.09, 24.85, -21.18, -138.11, -301.98, -462.72, -570.34, -600.04], 
    "ye_ft": [-0.0, -5.51, -40.41, -99.12, -156.13, -192.79, -196.74, -158.77, -69.45, 75.42]
}